"ï..Indicator","Unit","Governorate","Region","Year","Agriculture","Crude.Petroleum.Extraction","Other.extractions","Petroleum.Refinement","Manufacturing.Industries","Electricity.and.Gas","Water","Sewerage","Waste.Recycling","Construction","Whole.sale.and.Retail.Trade","Communication","Information","Transportation.and.Storage","Accommodation.and.Food.Service.Activities","Real.Estate.Ownership","Business.Services","Education","Health","Other.Services","Non.Financial.Corporations","Financial.Corporations","General.Government","Non.Profit.Institutions.Serving.House.hold.Sector","DomesticWorkers","Total.Governorate.GDP"
"Regional accounts , GDP by governorate","One thousand EGP","Cairo","Greater Cairo","2016/2015",7713050.23,336595.54,20388128.4,20496191.28,129617476.72,6000408.16,655588.96,0,1314642.53,45328932.92,195222069.69,38339304.69,6344051.51,69124877.99,24493079.03,116226730.07,66318498.9,16056355.02,30056276.38,5120189.18,799152447.19,42248215.48,149777924.44,4381236.27,774531.5,996334354.87
"Regional accounts , GDP by governorate","One thousand EGP","Giza","Greater Cairo","2016/2015",13720510.15,0,63787.5,58950.76,46219952.12,748253.09,1645457.46,0,49693.71,13420602.12,37075432.9,22223843.8,2304188.51,6852314.45,5819799.3,10719610.7,11112918.48,7875998.26,7354926.94,1638487.79,188904728.05,17352073.83,15987429.94,953713.02,342030.18,223539975.02
"Regional accounts , GDP by governorate","One thousand EGP","Qalyubia","Greater Cairo","2016/2015",10582517.75,0,51708.12,6872407.8,24970686.44,0,76769.94,0,54211.83,6749747.5,6112462.27,29296.06,1467.77,4141083.1,579295.65,5704077.71,392845.62,5443468.66,1548588.16,418643.3,73729277.68,6401500.27,6026419.15,95296.75,158877.55,86411371.4
"Regional accounts , GDP by governorate","One thousand EGP","Total Greater Cairo region","Greater Cairo","2016/2015",32016078.13,336595.54,20503624.03,27427549.83,200808115.28,6748661.25,2377816.36,0,1418548.07,65499282.53,238409964.86,60592444.55,8649707.8,80118275.54,30892173.98,132650418.48,77824263,29375821.94,38959791.48,7177320.28,1061786452.92,66001789.58,171791773.53,5430246.04,1275439.23,1306285701.29
"Regional accounts , GDP by governorate","One thousand EGP","Asyut","Central Upper Egypt","2016/2015",14268501.25,0,2529.34,5529455.61,7275277.29,0,295136.41,0,0,7830986.86,5223405.07,12300.53,3210.09,1909793.74,174805.93,3130500.97,200710.83,688796.62,989070.87,121091.46,47655572.88,4174981.95,6428189.26,19898.97,26479.9,58305122.96
"Regional accounts , GDP by governorate","One thousand EGP","New Valley","Central Upper Egypt","2016/2015",293503.43,398007.12,6408.27,0,123347.27,0,22503.48,0,0,96940.03,465549.91,322.49,57.51,76237.12,20501.55,181564.64,11851.88,60348.58,125834.28,11733.86,1894711.41,661964.46,1249017.32,2020.66,0,3807713.85
"Regional accounts , GDP by governorate","One thousand EGP","Total Central Upper Egypt","Central Upper Egypt","2016/2015",14562004.67,398007.12,8937.62,5529455.61,7398624.55,0,317639.89,0,0,7927926.89,5688954.98,12623.02,3267.6,1986030.85,195307.48,3312065.61,212562.71,749145.2,1114905.15,132825.32,49550284.29,4836946.41,7677206.58,21919.63,26479.9,62112836.81
"Regional accounts , GDP by governorate","One thousand EGP","Suez","Suez Canal","2016/2015",1096876.34,0,92111.11,6747098.86,10340624.68,360173.55,352888.43,0,27105.91,643547.23,1307059.85,11785.32,4882.38,1665266.78,295708.07,1163751.79,69255.78,674886.54,525907.52,75927.04,25454857.2,1309170.75,1901467.28,6840.08,4413.32,28676748.63
"Regional accounts , GDP by governorate","One thousand EGP","Ismailia","Suez Canal","2016/2015",6514085.14,0,212577.02,0,3193875.82,2888277.04,170442.84,0,0,1622870.01,1496125.17,12685.56,12345.23,934308.07,595633.32,1386682.1,308112.74,456940.91,303869.37,198675.83,20307506.15,1742083.42,1982723.84,65287.04,73809.86,24171410.32
"Regional accounts , GDP by governorate","One thousand EGP","Sharqia","Suez Canal","2016/2015",37192661.03,0,134466.79,983.43,26947351.12,3310.27,-222.48,0,49695.12,5494801.34,12292970.05,16353.24,16266.94,3624492.07,350281.07,6491910.15,551421.47,2628396,1570415.17,497679.89,97863232.69,4540910.51,10729677.24,147214.26,71408.12,113352442.81
"Regional accounts , GDP by governorate","One thousand EGP","Port Said","Suez Canal","2016/2015",4441188.44,10089064.36,20682.43,0,4655583.02,487739.58,526064.93,0,0,496950.22,1840326.85,81987.76,6061.12,7069464.98,345753.79,1769341.99,254189.9,380554.65,324385.75,189326.08,32978665.85,1480739.3,1933544.18,52441.17,72819.72,36518210.23
"Regional accounts , GDP by governorate","One thousand EGP","North Sinai","Suez Canal","2016/2015",590414.6,12019349.11,200639.68,0,1263873.43,0,38376.67,0,0,457935.05,663574.98,1149.94,580.05,300609.06,51844.63,425166.51,20538.72,114802.82,86117.11,31693.95,16266666.33,473489.51,1668876.89,4464.4,1098.73,18414595.86
"Regional accounts , GDP by governorate","One thousand EGP","South Sinai","Suez Canal","2016/2015",204852.01,22277471.79,87961.13,0,141298.82,3539.19,120825.1,0,0,358646.53,1806099.05,3122.23,1322.55,501696.04,7696307.24,211300.36,533379.15,170291.5,297714.99,227615.81,34643443.49,219409.23,472592.52,50118.74,5521.25,35391085.23
"Regional accounts , GDP by governorate","One thousand EGP","Total Suez Canal region","Suez Canal","2016/2015",50040077.56,44385885.25,748438.17,6748082.3,46542606.9,3743039.62,1208375.49,0,76801.03,9074750.38,19406155.95,127084.04,41458.27,55310427.15,9335528.12,11448152.91,1736897.77,4425872.42,3108409.92,1220918.59,268728961.85,9765802.72,18688881.96,326365.69,229070.99,297739083.22
"Regional accounts , GDP by governorate","One thousand EGP","Beheira","Alexandria","2016/2015",37318345.69,973271.03,106577.29,0,2878922.66,2102802.77,1604339.1,0,31622.63,5332872.45,8069773.32,27987.25,142.61,3405607.28,393965.64,5845115.45,284456.27,1374244.96,938195.42,420309.79,71108551.62,4229252.23,6834646.27,32321.79,75026.38,82279798.29
"Regional accounts , GDP by governorate","One thousand EGP","Alexandria","Alexandria","2016/2015",9510616.44,1436.14,1195465.23,35287264.53,45663462.17,2341588.79,1138503.77,0,36142.16,8615789.28,28635461.4,110821.15,111726.93,12985279.26,5317524.46,7186313.16,1622786.62,5837064.69,11385805.7,3197712.69,180180764.55,9080042.83,7991857.7,2306467.67,397194.79,199956327.55
"Regional accounts , GDP by governorate","One thousand EGP","Matruh","Alexandria","2016/2015",2141925.95,67094814.72,167480.94,0,212603.42,0,234867.84,0,0,695331.12,2068688.22,6983.87,71.18,322021.18,177697.73,467048.18,50096.92,102778.92,47958.98,30184.25,73820553.42,241354.63,689364.13,1167.13,13239.95,74765679.25
"Regional accounts , GDP by governorate","One thousand EGP","Total Alexandria region","Alexandria","2016/2015",48970888.08,68069521.89,1469523.46,35287264.53,48754988.25,4444391.56,2977710.71,0,67764.79,14643992.85,38773922.94,145792.27,111940.72,16712907.73,5889187.84,13498476.79,1957339.81,7314088.56,12371960.1,3648206.72,325109869.59,13550649.69,15515868.1,2339956.59,485461.12,357001805.09
"Regional accounts , GDP by governorate","One thousand EGP","Fayoum","North Upper Egypt","2016/2015",15306958.82,11555691.32,6184.8,0,1463852.59,0,1038804.08,0,40658.87,7311107.15,3070970.93,9541.76,6719.83,1379846.42,282544.46,2914743.2,173195.15,640476.89,574348.84,172269.76,45947914.87,1343481.44,3577419.47,29287.83,86059.67,50984163.27
"Regional accounts , GDP by governorate","One thousand EGP","Beni Suef","North Upper Egypt","2016/2015",8143175.02,0,17534.22,0,3081453.9,0,486147.64,0,0,4185912.7,3841501.88,3908.93,2533.39,1586091.7,126520.81,2548633.98,104003.18,943001.89,547334.38,101987.51,25719741.14,2672466.86,3621194.84,11723.12,19859.92,32044985.89
"Regional accounts , GDP by governorate","One thousand EGP","Minya","North Upper Egypt","2016/2015",18106642.23,0,659057.15,0,5373144.52,1442475.3,305152.93,0,9034.83,6658415.17,6527958.87,18935.37,14713,1816850.13,375327.28,4804731.35,289697.75,841564.69,1072507.59,324513.13,48640721.27,3706640.33,6507551.15,62722.01,37513.19,58955147.95
"Regional accounts , GDP by governorate","One thousand EGP","Total North Upper Egypt region","North Upper Egypt","2016/2015",41556776.08,11555691.32,682776.17,0,9918451,1442475.3,1830104.64,0,49693.71,18155435.02,13440431.67,32386.06,23966.21,4782788.25,784392.55,10268108.53,566896.08,2425043.46,2194190.81,598770.4,120308377.28,7722588.63,13706165.46,103732.96,143432.78,141984297.11
"Regional accounts , GDP by governorate","One thousand EGP","Aswan","South Upper Egypt","2016/2015",2789687.87,0,1548793.97,0,1739450.91,1310283.95,663801.22,0,0,1379464.86,2410498.7,6853.53,596.51,919087.24,204654.55,1270512.85,294499.96,167965.78,975036.48,122150.33,15803338.71,2131942.58,2839781.86,10177.3,22066.58,20807307.04
"Regional accounts , GDP by governorate","One thousand EGP","Luxor","South Upper Egypt","2016/2015",1509778.08,0,14048.23,0,685481.19,0,97224.99,0,9034.83,1609948.17,650981.57,2888.89,67.85,490906.25,258949.78,739715.19,188649.03,247849.28,220975.96,42988.97,6769488.27,754336.19,1803369.86,2996.97,7039.59,9337230.89
"Regional accounts , GDP by governorate","One thousand EGP","Sohag","South Upper Egypt","2016/2015",13460090.16,0,34572.43,0,1866717.39,0,362653.67,0,18071.08,9800094.59,5274857.11,12533.2,2778.6,1545964.14,244351.11,3863004.72,307922.42,463374.91,1107453.17,191005.31,38555444.01,3091815.99,5629897.27,15978.94,8833.99,47301970.21
"Regional accounts , GDP by governorate","One thousand EGP","Qena","South Upper Egypt","2016/2015",6161008.55,0,49520.6,0,4485418.92,0,934044.73,0,9034.83,6774143.73,4787973,12328.41,196.41,1176859.06,375308.78,2262814.41,347002.75,255117.51,550723.85,316336.37,28497831.92,1955594.08,4207268.93,39123.41,13232.59,34713050.93
"Regional accounts , GDP by governorate","One thousand EGP","Red Sea","South Upper Egypt","2016/2015",872165.47,43969376.11,7555.64,0,88635.33,15281.63,160502.6,0,0,237388.94,754536.53,2396.11,1959.9,330054.04,3879703.92,733358.58,296841.87,210490.51,236451.47,35870.78,51832569.45,240864.86,723719.52,12516,28686.56,52838356.39
"Regional accounts , GDP by governorate","One thousand EGP","Total South Upper Egypt","South Upper Egypt","2016/2015",24792730.13,43969376.11,1654490.87,0,8865703.75,1325565.59,2218227.21,0,36140.75,19801040.29,13878846.9,37000.15,5599.27,4462870.72,4962968.15,8869405.76,1434916.04,1344797.99,3090640.94,708351.76,141458672.37,8174553.71,15204037.45,80792.63,79859.31,164997915.46
"Regional accounts , GDP by governorate","One thousand EGP","Gharbia","Delta","2016/2015",18471594.96,0,36621.93,1001648.81,12801358.08,1312684.8,488421.48,0,40658.87,5356765.74,12203070.95,20511.26,8052.28,3092192.29,416243.24,5551108.6,446244.79,2411995.16,1851437.8,600122.65,66110733.7,6885454.44,8690284.26,83677.18,86059.67,81856209.24
"Regional accounts , GDP by governorate","One thousand EGP","Menoufia","Delta","2016/2015",16645276.32,0,23066.73,50618.67,14791144.5,0,491836.41,0,9034.83,4059101.57,5203939.84,32198.48,1424.81,1967971.66,408081.9,3937413.02,199516.17,1740655.95,914093.67,265141.97,50740516.51,5203908.75,7076000.46,16453.78,37513.19,63074392.69
"Regional accounts , GDP by governorate","One thousand EGP","Kafr ElSheikh","Delta","2016/2015",34666728.21,4724162.6,22452.88,877.12,3575238.37,0,1002431.78,0,0,3005082.09,4423313.71,11974.63,963.3,1721520.83,188066.52,3442801.03,175628.93,1110165.07,508915.08,216369.37,58796691.5,1747254.19,4550701.6,12660.96,50753.14,65158061.39
"Regional accounts , GDP by governorate","One thousand EGP","Dakahlia","Delta","2016/2015",31369009.33,5103295.15,20682.43,106.32,7268114.82,848428.7,343230.97,0,22587.79,8278189.51,10836424.18,36058.58,3987.1,7310055.91,382152.12,6887874.8,585564.43,2618871.01,1678767.15,442825.71,84036226.02,5692278.85,11012235.11,42331.92,185357.45,100968429.36
"Regional accounts , GDP by governorate","One thousand EGP","Damietta","Delta","2016/2015",4896269.68,0,14309479.2,0,5600416.14,0,253803.11,0,0,1147944.92,3670965.95,1363.95,773.17,1846422.03,238256.51,1622408.58,89079.68,628926.24,334632.87,151011.55,34791753.59,2698496.89,2574545.49,18462.62,24273.24,40107531.83
"Regional accounts , GDP by governorate","One thousand EGP","Total Delta region","Delta","2016/2015",106048878.51,9827457.75,14412303.17,1053250.92,44036271.91,2161113.5,2579723.74,0,72281.5,21847083.83,36337714.63,102106.9,15200.66,15938162.72,1632800.29,21441606.02,1496034.01,8510613.43,5287846.58,1675471.25,294475921.32,22227393.13,33903766.92,173586.46,383956.68,351164624.51
"Regional accounts , GDP by governorate","One thousand EGP","Total Egypt","Total Egypt","2016/2015",317987433.16,178542535,39480093.49,76045603.18,366324761.64,19865246.81,13509598.04,0,1721229.85,156949511.79,365935991.94,61049437,8851140.52,179311462.96,53692358.42,201488234.09,85228909.41,54145383,66127744.98,15161864.33,2261418539.62,132279723.87,276487700,8476600,2623700.01,2681286263.49
"Regional accounts , GDP by governorate","One thousand EGP","Cairo","Greater Cairo","2015/2014",6654360.36,532439.86,17508192.55,10878837.62,110910185.31,6089392.77,1353989.49,0,1149184.8,32521679.2,163449490.7,33370147.1,5428793.57,57181885.04,28609367.92,97849492.18,56016282.34,13110724.96,25465571.83,4099298.75,672179316.34,36954747.23,133567482.21,3840411.74,619637.01,847161594.53
"Regional accounts , GDP by governorate","One thousand EGP","Giza","Greater Cairo","2015/2014",11951156.38,0,53772.71,31289.51,39293495.16,793937.63,1375462.2,0,43439.37,10763331.99,31093635.82,19883388.21,2001077.45,5805866.88,6832261.07,9073998.41,9235536.38,6454696.51,6260420.21,1343218.35,162289984.25,15088186.23,14656239.5,835985.66,273629.36,193144024.99
"Regional accounts , GDP by governorate","One thousand EGP","Qalyubia","Greater Cairo","2015/2014",9181307.22,0,48485.45,3647692.76,21201872.89,0,181425.03,0,47388.86,5805739.86,5071271.89,25857.22,1260.18,3512395.48,612550.65,4830113.4,318041.19,4595706.42,1327601.93,347544.93,60756255.36,5600299.21,5448954.16,83533.22,127104.46,72016146.41
"Regional accounts , GDP by governorate","One thousand EGP","Total Greater Cairo region","Greater Cairo","2015/2014",27786823.96,532439.86,17610450.71,14557819.88,171405553.36,6883330.4,2910876.72,0,1240013.03,49090751.06,199614398.41,53279392.54,7431131.2,66500147.4,36054179.64,111753603.98,65569859.92,24161127.89,33053593.97,5790062.03,895225555.95,57643232.67,153672675.87,4759930.62,1020370.82,1112321765.93
"Regional accounts , GDP by governorate","One thousand EGP","Asyut","Central Upper Egypt","2015/2014",12479656.11,0,2181.94,2934889.16,6341300.41,0,218885.34,0,0,6724022.31,4377550.57,10859.83,2720.26,1619993.88,183377.79,2644924.17,166565.22,605807.4,847699.52,102899.28,39263333.2,3653708.34,5884148.85,17442.62,21184.32,48839817.34
"Regional accounts , GDP by governorate","One thousand EGP","New Valley","Central Upper Egypt","2015/2014",247551.41,629583.07,5508.21,0,105185.91,0,8864.54,0,0,80658.1,393037.03,287.51,48.91,64629.3,21599.76,153773.41,10059.93,54282.21,108037.19,9840.08,1892946.6,579322.77,1072589.29,1771.23,0,3546629.89
"Regional accounts , GDP by governorate","One thousand EGP","Total Central Upper Egypt","Central Upper Egypt","2015/2014",12727207.52,629583.07,7690.15,2934889.16,6446486.32,0,227749.89,0,0,6804680.41,4770587.61,11147.34,2769.17,1684623.18,204977.54,2798697.58,176625.16,660089.62,955736.72,112739.36,41156279.8,4233031.11,6956738.14,19213.86,21184.32,52386447.23
"Regional accounts , GDP by governorate","One thousand EGP","Suez","Suez Canal","2015/2014",950208.48,0,78724.87,3581182.08,8896770.19,359172.6,230857.83,0,23694.43,549837.52,1096964.09,10382.38,4179.2,1404577.67,334388.49,985220.92,58763.25,598778.68,451500.9,63205.46,19678409.06,1145664.12,1674678.56,5995.74,3530.72,22508278.2
"Regional accounts , GDP by governorate","One thousand EGP","Ismailia","Suez Canal","2015/2014",5698605.74,0,182565.32,0,2693271.03,2866755.58,91149.07,0,0,1277745.71,1255563.81,9855.38,10742.89,792238.05,645338.64,1173553.14,260717.26,402281.49,259388.69,161164.9,17780936.7,1523970.4,1756179.62,57227.94,59049.02,21177363.68
"Regional accounts , GDP by governorate","One thousand EGP","Sharqia","Suez Canal","2015/2014",32542709.16,0,116276.8,521.98,21931390.32,3139.02,322274.63,0,43440.62,4720310.64,10385647.76,14547.25,14093.98,3074510.13,356582.15,5497349.14,457662.52,2338525.75,1341919.82,411180.2,83572081.87,3974550.11,9930921.06,129041.97,57127.59,97663722.6
"Regional accounts , GDP by governorate","One thousand EGP","Port Said","Suez Canal","2015/2014",3897902.99,15955752.36,19393.45,0,3779505.1,472027.66,369187.52,0,0,342736.59,1542607.21,73439.66,5224.05,5954632.85,389749.58,1497810.94,211577.19,336765.59,275370.59,154387.04,35278070.39,1295347.67,1750738.51,45967.78,58256.89,38428381.23
"Regional accounts , GDP by governorate","One thousand EGP","North Sinai","Suez Canal","2015/2014",511819.21,18989583.42,174196.77,0,1085960.57,0,32665.6,0,0,382453.47,557424.45,1023.46,500.22,254742.17,57271.77,360071.8,17411.47,99464.92,73673.82,26059.44,22624322.57,414563.55,1502544.02,3913.31,879,24546222.46
"Regional accounts , GDP by governorate","One thousand EGP","South Sinai","Suez Canal","2015/2014",176017.94,35259400.51,73946.76,0,121474.02,3376.73,74776.17,0,0,308847.52,1501907.13,2783.53,1148.78,425479.79,9005743.91,178890.27,451450.4,129646.07,254254.39,186694.87,48155838.8,192003.88,396922.47,43932.03,4417.08,48793114.26
"Regional accounts , GDP by governorate","One thousand EGP","Total Suez Canal region","Suez Canal","2015/2014",43777263.53,70204736.3,645103.97,3581704.06,38508371.24,3704471.58,1120910.82,0,67135.05,7581931.46,16340114.46,112031.67,35889.13,51309280.66,10789074.53,9692896.21,1457582.09,3905462.51,2656108.21,1002691.92,266492759.38,8546099.73,17011984.25,286078.76,183260.29,292520182.42
"Regional accounts , GDP by governorate","One thousand EGP","Beheira","Alexandria","2015/2014",32723675.96,1539557.79,95652.69,0,2397051.29,2161819.6,1581134.33,0,27642.67,4588718.16,6764660.93,24839.02,123.18,2887060.6,436826.87,4950410.19,235649.83,1222209.58,804570.55,355349.42,62796952.66,3701083.8,6219077.19,28331.95,60022.25,72805467.84
"Regional accounts , GDP by governorate","One thousand EGP","Alexandria","Alexandria","2015/2014",8304667.06,2271.74,1012548.89,18729549.09,38998558.34,2369934.41,1298689.95,0,31593.4,6736453.66,24176598.68,97881.74,96289.63,10698553.57,6347493.06,6074202.56,1366028.32,5068823.56,9740249.44,2675620.91,143826008,7942589.02,7590048.52,2031015.44,317761.89,161707422.85
"Regional accounts , GDP by governorate","One thousand EGP","Matruh","Alexandria","2015/2014",1798451.65,106102166.34,143688.92,0,178557.77,0,158601.25,0,0,594783.22,1744683.39,6199.79,61.31,273289.51,202020.14,395557.62,39334.46,90941.15,40854.87,23900.1,111793091.47,211362.58,595505.05,1023.06,10592.16,112611574.32
"Regional accounts , GDP by governorate","One thousand EGP","Total Alexandria region","Alexandria","2015/2014",42826794.67,107643995.86,1251890.5,18729549.09,41574167.4,4531754.01,3038425.53,0,59236.07,11919955.04,32685943,128920.55,96474.12,13858903.68,6986340.06,11420170.37,1641012.6,6381974.29,10585674.86,3054870.43,318416052.12,11855035.4,14404630.75,2060370.45,388376.29,347124465.01
"Regional accounts , GDP by governorate","One thousand EGP","Fayoum","North Upper Egypt","2015/2014",13416888.81,18276599.69,5243.69,0,1222047.45,0,875063.46,0,35541.64,6296851.4,2557232.89,8520.38,5805,1171446.74,316890.73,2468434.7,147032.61,570255.81,492142.24,146169.35,48012166.57,1176358.46,3215847.93,25672.51,68849.05,52498894.52
"Regional accounts , GDP by governorate","One thousand EGP","Beni Suef","North Upper Egypt","2015/2014",7118677.16,0,15016.91,0,2624690.85,0,256645.11,0,0,3595581.91,3237896.43,3463.64,2185.51,1344827.39,131929.13,2154117.32,87041.92,826526.78,468823.36,84273.37,21951696.8,2338538.62,3255912.37,10276.01,15888.24,27572312.03
"Regional accounts , GDP by governorate","One thousand EGP","Minya","North Upper Egypt","2015/2014",15859564.23,0,605511.48,0,4654156.29,1408424.35,221970.83,0,7897.73,5724446.64,5482537.69,16926.96,12688.14,1538866.75,417687.12,4069061.9,235684.67,728907.22,918595.18,274681.89,42177609.07,3244128.32,5954675.4,54979.54,30011.12,51461403.44
"Regional accounts , GDP by governorate","One thousand EGP","Total North Upper Egypt region","North Upper Egypt","2015/2014",36395130.2,18276599.69,625772.08,0,8500894.59,1408424.35,1353679.4,0,43439.37,15616879.94,11277667.02,28910.98,20678.64,4055140.89,866506.98,8691613.92,469759.2,2125689.81,1879560.78,505124.6,112141472.44,6759025.4,12426435.7,90928.05,114748.41,131532610
"Regional accounts , GDP by governorate","One thousand EGP","Aswan","South Upper Egypt","2015/2014",2437596.61,0,1322790.89,0,1436476.92,1269294.42,527508.73,0,0,1180223.78,2030936.97,6042.37,511.55,779540.97,232345.35,1075865.7,249513.99,147545.21,831141.66,103291.69,13630626.8,1865333.4,2479945.54,8921,17653.6,18002480.34
"Regional accounts , GDP by governorate","One thousand EGP","Luxor","South Upper Egypt","2015/2014",1312895.92,0,12079.37,0,572228.89,0,51162.88,0,7897.73,1384726.02,538636,2506.56,58.54,415816.71,296400.59,626483.98,160227.92,222732.24,190010.87,35515.28,5829379.49,660289.29,1529216.6,2627.03,5631.78,8027144.2
"Regional accounts , GDP by governorate","One thousand EGP","Sohag","South Upper Egypt","2015/2014",11758243.47,0,29504.39,0,1590817.78,0,296468.36,0,15796.7,8433856.36,4410796.79,11060.86,2415.33,1311733.18,263664.22,3271403.98,253166.33,398857.12,949665.49,162818.61,33160268.99,2705839.35,5119717.86,14006.48,7067.33,41006900.01
"Regional accounts , GDP by governorate","One thousand EGP","Qena","South Upper Egypt","2015/2014",5366774.92,0,44263.96,0,3657077.28,0,455213.12,0,7897.73,5834288.1,3999067.69,10953.1,170.66,997923.92,409384.45,1916419.73,291771.85,226924.86,469835.11,262182.07,23950148.58,1711636.65,3853916.46,34293.97,10586.27,29560581.94
"Regional accounts , GDP by governorate","One thousand EGP","Red Sea","South Upper Egypt","2015/2014",762550.47,69532012.86,6993.51,0,75005.69,14856.46,78091.42,0,0,204464.23,618485.4,2103.1,1704.68,279734.77,4565864.34,621115.33,252302.45,177060.03,200604.19,28945.72,77421894.64,210803.74,605568.51,10971.01,22949.68,78272187.58
"Regional accounts , GDP by governorate","One thousand EGP","Total South Upper Egypt","South Upper Egypt","2015/2014",21638061.39,69532012.86,1415632.13,0,7331606.57,1284150.87,1408444.51,0,31592.16,17037558.49,11597922.85,32666,4860.75,3784749.55,5767658.95,7511288.72,1206982.55,1173119.45,2641257.33,592753.37,153992318.51,7153902.43,13588364.97,70819.5,63888.66,174869294.07
"Regional accounts , GDP by governorate","One thousand EGP","Gharbia","Delta","2015/2014",16047048.46,0,34180.56,531648.76,10906285.96,1277830.7,447639.75,0,35541.64,4605212.05,10286880.68,18158.47,6948.36,2619650.21,456285.94,4697653.64,366836.28,2141343.47,1579085.71,499794.47,56558025.11,6024848.4,8004042.01,73347.98,68849.05,70729112.55
"Regional accounts , GDP by governorate","One thousand EGP","Menoufia","Delta","2015/2014",14466296,0,19891.62,26867.06,12420836.52,0,422716.19,0,7897.73,3495130.46,4354845.82,28545.59,1223.56,1667337.07,457838.81,3334158.49,164654.63,1554512.09,780120.86,222756.02,43425628.52,4553666.75,6500756.14,14422.71,30011.12,54524485.25
"Regional accounts , GDP by governorate","One thousand EGP","Kafr ElSheikh","Delta","2015/2014",30399931.72,7462302.91,21090.92,465.55,2961566.24,0,813375.94,0,0,2582086.54,3680436.45,10457.43,821.98,1459324.55,214782.4,2916009.13,145181.86,992449.32,435352.96,184150.95,54279786.83,1529970.44,4150355.58,11098.08,40603.28,60011814.22
"Regional accounts , GDP by governorate","One thousand EGP","Dakahlia","Delta","2015/2014",27424687.07,8062029.46,19393.45,56.43,6113342.1,806738.08,271598.11,0,19744.94,7085680.05,9097234.31,32074.12,3441.56,6201247.69,413394.73,5832644.5,482178.15,2337390.24,1439565.82,366582.32,76009023.14,4982836.79,10258279.11,37106.42,148288.78,91435534.24
"Regional accounts , GDP by governorate","One thousand EGP","Damietta","Delta","2015/2014",4278355.48,0,12293703.91,0,4796889.7,0,155783.14,0,0,979834.53,3082869.41,1195.3,661.51,1561895.12,258160.42,1374063.47,75027.58,552341.31,285742.79,126174.52,29822698.16,2360450.88,2313737.49,16183.57,19418.96,34532489.06
"Regional accounts , GDP by governorate","One thousand EGP","Total Delta region","Delta","2015/2014",92616318.74,15524332.37,12388260.46,559037.8,37198920.52,2084568.78,2111113.13,0,63184.32,18747943.62,30502266.66,90430.9,13096.98,13509454.63,1800462.3,18154529.22,1233878.49,7578036.43,4519868.14,1399458.28,260095161.77,19451773.26,31227170.33,152158.76,307171.2,311233435.31
"Regional accounts , GDP by governorate","One thousand EGP","Total Egypt","Total Egypt","2015/2014",277767600,282343700,33944800,40363000,310966000,19896700,12171200,0,1504600,126799700,306788900,53683499.98,7604900,154702300,62469200,170022800,71755700,45985500,56291800,12457700,2047519599.97,115642100,249288000,7439500,2099000,2421988199.97
"Regional accounts , GDP by governorate","One thousand EGP","Cairo","Greater Cairo","2014/2013",5663120.49,607932.24,15732384.15,-1573484.51,96021953.61,6420223.33,812633.98,255528.66,1030111.35,25033812.13,152830924.01,32433677.53,4793573.94,48876147.64,23980610.14,80618564.52,48626036.66,11317859.87,22089245.44,4065243.76,579636098.93,31609963.99,113530102,3374699.87,505008.59,728655873.38
"Regional accounts , GDP by governorate","One thousand EGP","Giza","Greater Cairo","2014/2013",9323580.93,0,47523.34,30029.75,35360066.37,866738.12,1158345.83,42576.42,38938.38,9401862.38,25801981.03,19188887.17,1737980.66,4958211.34,5693195.26,8299990.99,8010823.94,5527506.91,5324919.95,1306535.07,142119693.81,12937783.41,12218493,734608.91,223009.88,168233589.01
"Regional accounts , GDP by governorate","One thousand EGP","Qalyubia","Greater Cairo","2014/2013",7200512.22,0,43742.85,-9387777.16,18824691.49,0,132410.66,10030.36,42478.63,4632328.17,3414813.44,25057.67,1110.83,2989845.97,509402.01,4450077.85,276034.94,3967080.4,1138282.83,350313.04,38620436.19,4795561.42,4804912,73403.47,103591.04,48397904.12
"Regional accounts , GDP by governorate","One thousand EGP","Total Greater Cairo region","Greater Cairo","2014/2013",22187213.63,607932.24,15823650.34,-10931231.93,150206711.47,7286961.44,2103390.48,308135.44,1111528.36,39068002.68,182047718.48,51647622.38,6532665.43,56824204.94,30183207.41,93368633.36,56912895.54,20812447.17,28552448.22,5722091.86,760376228.93,49343308.82,130553507,4182712.24,831609.51,945287366.51
"Regional accounts , GDP by governorate","One thousand EGP","Asyut","Central Upper Egypt","2014/2013",10659544.28,0,1968.93,-3262329.59,6217320.24,0,188006.89,7926.09,0,5363898.87,2932570.81,10523.08,2438.65,1378176.28,155492.54,2358980.52,144614.92,524731.49,711838.45,103029.21,27498731.66,3128686.9,5002629,15327.42,17265.37,35662640.36
"Regional accounts , GDP by governorate","One thousand EGP","New Valley","Central Upper Egypt","2014/2013",301080.54,718848.98,4954.63,0,81643.26,0,7669.93,2875.84,0,63677.05,319315.53,277.77,43.64,54982.02,18109.98,140170.96,8734.47,47015.93,91632.64,10176.98,1871210.14,496076.7,945814,1556.44,0,3314657.28
"Regional accounts , GDP by governorate","One thousand EGP","Total Central Upper Egypt","Central Upper Egypt","2014/2013",10960624.82,718848.98,6923.56,-3262329.59,6298963.5,0,195676.82,10801.93,0,5427575.92,3251886.34,10800.85,2482.29,1433158.31,173602.52,2499151.47,153349.39,571747.42,803471.09,113206.19,29369941.81,3624763.6,5948443,16883.87,17265.37,38977297.64
"Regional accounts , GDP by governorate","One thousand EGP","Suez","Suez Canal","2014/2013",827075.93,0,70453.46,-12537393.87,8055116.91,379999.28,199689.25,9118.51,21239.32,443262.32,901912.76,10067.15,3698.3,1199458.47,272704.32,887256.33,51019.76,518192.58,394065,61073.46,1768009.25,981037.34,1476739,5268.66,2877.56,4233931.81
"Regional accounts , GDP by governorate","One thousand EGP","Ismailia","Suez Canal","2014/2013",6049361.16,0,164093.39,0,2091128.59,3067480.66,78690.3,5260.68,0,853588.48,961116,19939.99,9306.07,673974.05,388199.51,1055056.42,226327.49,347237.16,218492.26,157596.69,16366848.92,1304982.71,1548607,50288.13,48125.37,19318852.13
"Regional accounts , GDP by governorate","One thousand EGP","Sharqia","Suez Canal","2014/2013",26470154.81,0,105148.18,-306.64,18810818.7,3073.05,256203.31,17465.45,38939.49,3789368.2,8506598.35,14063.68,12278.18,2615479.68,299667.68,4908214.24,397322.28,2024554.19,1140930.78,393219.37,69803192.97,3403425.15,8571091,113393.55,46559.39,81937662.07
"Regional accounts , GDP by governorate","One thousand EGP","Port Said","Suez Canal","2014/2013",3801376.5,18318050.56,17496.47,0,3359229.52,523645.6,319333.34,12134.63,0,251312.26,1165250.63,70849.23,4581.94,5072787.76,312848.91,1343498.23,183703.3,291382.72,240333.8,151285.02,35439100.42,1109212.04,1543809,40393.44,47479.78,38179994.68
"Regional accounts , GDP by governorate","One thousand EGP","North Sinai","Suez Canal","2014/2013",373120.47,21780382.95,156839.11,0,959774.21,0,27741.56,0,0,301568.8,428795.59,989.29,438.42,220693.58,39702.39,328121.7,15116.35,85934.39,63180.59,22847.07,24805246.47,354992.64,1324950,3438.76,716.39,26489344.26
"Regional accounts , GDP by governorate","One thousand EGP","South Sinai","Suez Canal","2014/2013",252541.95,39132027.8,65186.06,0,105077.12,3444.28,64682.1,420.85,0,247652.52,1362327.4,2689.2,997.5,361845.41,6635487.64,157163.8,391983.13,110624.45,215078.33,165248.11,49274477.65,164413.79,350008,38604.56,3599.95,49831103.95
"Regional accounts , GDP by governorate","One thousand EGP","Total Suez Canal region","Suez Canal","2014/2013",37773630.82,79230461.31,579216.67,-12537700.51,33381145.06,3977642.88,946339.85,44400.12,60178.81,5886752.58,13326000.73,118598.55,31300.41,47380438.95,7948610.45,8679310.72,1265472.32,3377925.5,2272080.76,951269.72,234693075.68,7318063.67,14815204,251387.1,149358.44,257227088.9
"Regional accounts , GDP by governorate","One thousand EGP","Beheira","Alexandria","2014/2013",26096368.35,1757845.13,86173.4,0,2056738.05,2234042.12,1351778.59,15852.18,24778.46,3681247.14,4544105.04,24030.26,107.74,2453144.54,363203.07,4462706.13,204577.79,1058707.52,689855.74,336841.83,51442103.07,3114454.72,5395829,24896.24,48918.56,60026201.6
"Regional accounts , GDP by governorate","One thousand EGP","Alexandria","Alexandria","2014/2013",6684561.64,0,898769.66,5382709.8,33597135.54,2430020.26,991635.64,88098.82,28319.83,5978257.4,20226789.22,94834.55,84462.59,8959553.88,5238268.71,5462142.98,1186031.79,4382664.23,8323012.45,2421844.74,112459113.74,6801274.73,6242357,1776584.44,258978.21,127538308.12
"Regional accounts , GDP by governorate","One thousand EGP","Matruh","Alexandria","2014/2013",1679947.58,121471882.02,129032.7,0,157549.8,0,137186.31,3156.41,0,477910.49,1497398.14,5997.48,53.82,232455.15,153751.41,360543.37,34151.55,78708.2,34554.3,22983.64,126477262.35,180990.73,525119,899,8632.69,127192903.76
"Regional accounts , GDP by governorate","One thousand EGP","Total Alexandria region","Alexandria","2014/2013",34460877.57,123229727.15,1113975.76,5382709.8,35811423.39,4664062.38,2480600.53,107107.4,53098.29,10137415.03,26268292.4,124862.29,84624.15,11645153.57,5755223.18,10285392.48,1424761.12,5520079.95,9047422.49,2781670.21,290378479.17,10096720.17,12163305,1802379.68,316529.46,314757413.48
"Regional accounts , GDP by governorate","One thousand EGP","Fayoum","North Upper Egypt","2014/2013",10333609.35,20942960.95,4658.7,0,1073442.94,0,757251.66,13818.05,31858.98,5027809.57,1531584.95,8227.61,5076.5,996328.07,263399.72,2198872.92,127661.15,493678.14,421984.6,147116.72,44379340.57,1007321.05,2835749,22559.3,56112.47,48301082.38
"Regional accounts , GDP by governorate","One thousand EGP","Beni Suef","North Upper Egypt","2014/2013",6483124.12,0,13464,0,2251503.68,0,222018.07,8417.08,0,2882389.02,2335533.09,3352.52,1914.62,1144260.77,111555.06,1901318.32,75565.18,713962.37,399008.07,86794.47,18634180.43,2002501.14,2871078,9029.87,12949.03,23529738.48
"Regional accounts , GDP by governorate","One thousand EGP","Minya","North Upper Egypt","2014/2013",15045799.61,0,546097.96,0,4193443.63,1467897.29,191993.68,7926.09,7079.4,4564351.51,3905870.72,16339.91,11120.57,1309430.89,347608.45,3658011.16,204449.02,628724.69,774673.23,262156.58,37142974.39,2777961.68,5162678,48312.38,24459.28,45156385.74
"Regional accounts , GDP by governorate","One thousand EGP","Total North Upper Egypt region","North Upper Egypt","2014/2013",31862533.08,20942960.95,564220.66,0,7518390.25,1467897.29,1171263.41,30161.22,38938.38,12474550.1,7772988.76,27920.03,18111.69,3450019.74,722563.23,7758202.4,407675.35,1836365.2,1595665.9,496067.77,100156495.4,5787783.88,10869505,79901.56,93520.78,116987206.6
"Regional accounts , GDP by governorate","One thousand EGP","Aswan","South Upper Egypt","2014/2013",2951744.33,0,1183066.93,0,1182848.77,1266132.2,456253.57,4709.34,0,946067.57,1695222.49,5857.52,451.6,662971.48,194472.09,970345.89,216667.28,127588.15,703018.29,105242.03,12672659.5,1597293.38,2186827,7839.18,14387.81,16479006.88
"Regional accounts , GDP by governorate","One thousand EGP","Luxor","South Upper Egypt","2014/2013",1142818.24,0,10868.78,0,478133.89,0,44259.97,3647.4,7079.4,1109195.69,426801.71,2441.89,51.28,353273.94,251735.98,571131.92,139121.58,192833.9,162995.75,35522.66,4931913.98,565408.69,1348470,2308.46,4589.94,6852691.07
"Regional accounts , GDP by governorate","One thousand EGP","Sohag","South Upper Egypt","2014/2013",11561944.49,0,26369.24,0,1391956.15,0,255102.14,8557.37,14159.92,6741274.99,2468943.98,10719.19,2095.23,1115847.47,218980.13,2882192.28,219798.19,345175.82,814226.67,159344.2,28236687.44,2317022.41,4426409,12307.97,5759.92,34998186.75
"Regional accounts , GDP by governorate","One thousand EGP","Qena","South Upper Egypt","2014/2013",7033267.65,0,39933.7,0,3024144.56,0,393812.62,2034.13,7079.4,4677139.39,3203106.88,10593.08,148.13,848981.2,340795.71,1735346.08,253247.99,196423.38,400026.82,251915.19,22417995.88,1465682.17,3212361,30135.28,8627.89,27134802.22
"Regional accounts , GDP by governorate","One thousand EGP","Red Sea","South Upper Egypt","2014/2013",1061594.64,79414008.17,6339.99,0,66689.25,15213.46,67558.28,1262.56,0,163915.97,521432.89,2041.56,1477.63,245811.98,3672711.09,566236.73,219076.02,151935.79,169172.69,30276.32,86376755.04,180612.19,533993,9640.6,18704.16,87119704.99
"Regional accounts , GDP by governorate","One thousand EGP","Total South Upper Egypt","South Upper Egypt","2014/2013",23751369.34,79414008.17,1266578.64,0,6143772.61,1281345.66,1216986.57,20210.8,28318.72,13637593.62,8315507.95,31653.23,4223.86,3226886.08,4678694.99,6725252.89,1047911.05,1013957.02,2249440.23,582300.4,154636011.84,6126018.85,11708060,62231.49,52069.72,172584391.9
"Regional accounts , GDP by governorate","One thousand EGP","Gharbia","Delta","2014/2013",13990382.29,0,30890.41,-5127486.79,9787771.17,1365221.04,379320.08,28407.66,31858.98,3695026.06,8174813.21,17580.68,6085.08,2228696.12,377053.37,4373993.01,318515.17,1853677.23,1314582.29,474603.26,43320990.32,5159104.81,6969819,64453.35,56112.47,55570479.94
"Regional accounts , GDP by governorate","One thousand EGP","Menoufia","Delta","2014/2013",12524351.31,0,17944.27,55142.13,10778505.1,0,362930.2,20411.43,7079.4,2802765.05,3185767.73,27625.3,1078.25,1416772.12,381345.92,2988437.02,142913.55,1345966.22,662171.24,219009.53,36940215.76,3899325.33,5644215,12673.72,24459.28,46520889.1
"Regional accounts , GDP by governorate","One thousand EGP","Kafr ElSheikh","Delta","2014/2013",25986693.25,8820351.07,19015.39,-271.91,2537862.69,0,692043.8,12695.77,0,2074555.56,2477914,10167.21,730.35,1241766.78,181150.96,2605545.57,126044.53,859006.13,371360.05,179414.51,48196045.69,1310120.58,3659802,9752.26,33091.97,53208812.5
"Regional accounts , GDP by governorate","One thousand EGP","Dakahlia","Delta","2014/2013",23399271.73,9505110.3,17496.47,-31.19,5210621.87,800869.31,216122.94,28337.52,17699.06,5655900.16,6628255.05,31008.61,3012.76,5275259.1,347051.74,5263138.19,418647.49,2022353.32,1194261.64,354548.3,66388934.37,4266825.57,8771576,32606.67,120856.42,79580799.03
"Regional accounts , GDP by governorate","One thousand EGP","Damietta","Delta","2014/2013",4757652.08,0,11053387.82,0,4583332.93,0,133937.94,18517.59,0,783463.69,2481355.34,1160.88,585.74,1328044.31,201496.26,1222442.91,65114.49,478574.82,235096.1,126318.26,27470481.14,2021264.71,2040264,14221.05,15826.59,31562057.5
"Regional accounts , GDP by governorate","One thousand EGP","Total Delta region","Delta","2014/2013",80658350.67,18325461.37,11138734.36,-5072647.76,32898093.75,2166090.35,1784354.96,108369.97,56637.44,15011710.53,22948105.33,87542.67,11492.17,11490538.42,1488098.24,16453556.69,1071235.22,6559577.73,3777471.31,1353893.86,222316667.28,16656641,27085676,133707.06,250346.72,266443038.06
"Regional accounts , GDP by governorate","One thousand EGP","Total Egypt","Total Egypt","2014/2013",241654599.93,322469400.16,30493300,-26421200,272258500.03,20844000,9898612.62,629186.89,1348700,101643600.45,263930500,52049000,6684900,135450400,50950000.02,145769500,62283300,39692100,48298000,12000500,1791926900.1,98953300,213143700,6529203,1710700,2112263803.09
"Regional accounts , GDP by governorate","One thousand EGP","Cairo","Greater Cairo","2013/2012",4975432,535821.31,13702593,-6876894.01,85168996.95,6871210,821570,337594,923541,21239571.64,125351387,19003304.61,4088056,41824641,27242372,68339179.47,41558606,9738394.98,18978898.84,3430796,487255071.78,27758734.61,95243794,2961780,420846,613640226.39
"Regional accounts , GDP by governorate","One thousand EGP","Giza","Greater Cairo","2013/2012",9036120.23,0,41653.1,-12860.2,30630137.36,954471.98,1119543,40226.18,34910,7471900.66,22425190.36,12707083.84,1487361.16,4162111.62,6294329.67,6995757.67,6932413.91,4798757.25,4730906.81,1118973.34,120968987.93,11156868.98,9225575,644724,185844,142181999.92
"Regional accounts , GDP by governorate","One thousand EGP","Qalyubia","Greater Cairo","2013/2012",7008066.85,0,38534,-2211050.55,16234919.84,0,126824,22905.84,38084,4099344.54,3694561.74,15548.98,904.8,2526277.22,601823.72,3753922.86,244801.28,3433052.49,995623.43,291318.53,40915463.58,4175713.32,4153113,64422,86327,49395038.89
"Regional accounts , GDP by governorate","One thousand EGP","Total Greater Cairo region","Greater Cairo","2013/2012",21019619.08,535821.31,13782780.1,-9100804.76,132034054.14,7825681.98,2067937,400726.03,996535,32810816.84,151471139.11,31725937.43,5576321.96,48513029.85,34138525.39,79088860,48735821.18,17970204.72,24705429.07,4841087.87,649139523.3,43091316.91,108622482,3670926,693017,805217265.2
"Regional accounts , GDP by governorate","One thousand EGP","Asyut","Central Upper Egypt","2013/2012",9593542.78,0,1712.1,-1801458.14,5419764.42,0,182091,1198.28,0,4740740.25,3212710.76,6539.29,2021.72,1176679.4,176060.55,2054684.45,126248.33,456487.66,637382.11,88363.11,26074768.09,2718045.95,3957831,13452,14388,32778485.03
"Regional accounts , GDP by governorate","One thousand EGP","New Valley","Central Upper Egypt","2013/2012",171039.69,633581.47,4313.54,0,71729.15,0,7613,0,0,56093.26,285094.98,180.95,37.14,46626.21,21759.08,119588.61,7510.46,41100.2,80772.52,8701.37,1555741.63,435478.68,746742,1366,0,2739328.31
"Regional accounts , GDP by governorate","One thousand EGP","Total Central Upper Egypt","Central Upper Egypt","2013/2012",9764582.47,633581.47,6025.64,-1801458.14,5491493.58,0,189704,1198.28,0,4796833.51,3497805.74,6720.24,2058.86,1223305.61,197819.63,2174273.05,133758.79,497587.87,718154.63,97064.48,27630509.71,3153524.63,4704573,14818,14388,35517813.34
"Regional accounts , GDP by governorate","One thousand EGP","Suez","Suez Canal","2013/2012",705207,0,61456,-2189974.8,7051506.91,393187,193804,0,19042,386565.95,811954.77,6188.66,3195.41,976654.36,312416.12,765475.52,43863.51,452193.57,337003.09,53219.85,10382958.93,849028.19,1190125,4624,2398,12429134.12
"Regional accounts , GDP by governorate","One thousand EGP","Ismailia","Suez Canal","2013/2012",4317486,0,142902,0,1790661.91,3174662,76006,147,0,742392.74,911690.45,10284.65,8020,571493,470813.86,908609.21,198673.31,303347.94,193051.04,131456.11,13951697.23,1149796.82,1273122,44135,40105,16458856.04
"Regional accounts , GDP by governorate","One thousand EGP","Sharqia","Suez Canal","2013/2012",23791845.59,0,91359,-325.74,16265736.52,3050,248765,21229,34911,3330253,7588177.34,9065.63,10458,2212943,356414.98,4272766.76,348430.99,1766295.37,1003853.56,334205.05,61689434.04,3019269.94,6829422,99519,38800,71676444.98
"Regional accounts , GDP by governorate","One thousand EGP","Port Said","Suez Canal","2013/2012",2670087.3,16145223.47,15413,0,2856834.78,489496.3,303611,0,0,227146.16,1134034.11,47171.92,3930.24,4227113.77,391098.97,1154731.84,163505.94,254219.19,205382.08,127593.34,30416593.39,987344.17,1309885,35451,39567,32788840.57
"Regional accounts , GDP by governorate","One thousand EGP","North Sinai","Suez Canal","2013/2012",342349.22,19196865.34,136693.81,0,823384.88,0,26665,465.08,0,267496.27,415895.86,639.26,374.48,182910.14,57827.96,279941.14,12991.28,74799.01,55739.29,20135.48,21895173.51,318208.76,1111941,3018,597,23328938.28
"Regional accounts , GDP by governorate","One thousand EGP","South Sinai","Suez Canal","2013/2012",135324.45,34490314.97,57190.06,0,93230.16,3295.98,63308,0,0,218210.43,1112222.73,1751.61,870.86,302542.61,8129851.7,138349.93,341913.91,95048.98,190056.3,144967.8,45518450.48,146371.68,314382,33881,3000,46016085.17
"Regional accounts , GDP by governorate","One thousand EGP","Total Suez Canal region","Suez Canal","2013/2012",31962299.56,69832403.78,505013.87,-2190300.53,28881355.16,4063691.28,912159,21841.08,53953,5172064.55,11973975.27,75101.72,26848.99,40869656.88,9718423.6,7519874.4,1109378.93,2945904.07,1985085.35,811577.63,216250307.59,6470019.56,12028877,220628,124467,235094299.15
"Regional accounts , GDP by governorate","One thousand EGP","Beheira","Alexandria","2013/2012",24363418.47,1549335.3,75473.19,0,1771497.71,2455312.95,1298663,15155.3,22215,3240241.91,4861960.51,15319.92,89.49,2084513.89,426162.73,3850080.99,177276.37,923271.21,601931.3,288675.3,48020594.55,2810525.18,4237733,21850,40766,55131468.73
"Regional accounts , GDP by governorate","One thousand EGP","Alexandria","Alexandria","2013/2012",6280128.84,2286.16,786441.83,-11780293.91,29035606.87,2628193.04,959988,133770.53,25390,4812678.55,17650553.34,59053.34,72275.62,7925936.47,5210229.07,4701771.76,1066050.87,3808954.25,7294796.95,2096215.9,82770027.49,5964533.82,5120746,1559206,215818,95630331.31
"Regional accounts , GDP by governorate","One thousand EGP","Matruh","Alexandria","2013/2012",1300400.5,107060999.36,112408.02,0,137855.03,0,131672,0,0,418489.83,1305356.53,3828.05,45.96,188516.72,202493.89,307603.29,29491.51,68609.96,30596.78,19904.16,111318271.59,156043.48,448830,789,7194,111931128.07
"Regional accounts , GDP by governorate","One thousand EGP","Total Alexandria region","Alexandria","2013/2012",31943947.81,108612620.83,974323.04,-11780293.91,30944959.61,5083505.99,2390323,148925.83,47605,8471410.29,23817870.38,78201.32,72411.07,10198967.08,5838885.69,8859456.04,1272818.75,4800835.43,7927325.04,2404795.36,242108893.63,8931102.48,9807309,1581845,263778,262692928.11
"Regional accounts , GDP by governorate","One thousand EGP","Fayoum","North Upper Egypt","2013/2012",9993026.54,18458775.59,4075.04,0,917944.43,0,727495,0,28563,4449424.55,1898185.36,5399.62,4286.7,836005.66,283257.89,1918649.52,114090.08,430836.87,369282.29,124749.8,40564047.93,880643.45,2287898,19799,46761,43799149.39
"Regional accounts , GDP by governorate","One thousand EGP","Beni Suef","North Upper Egypt","2013/2012",5634119.14,0,11736.29,0,1930862.45,0,219900,0,0,2536160.62,2367709.93,2120.73,1618.38,978482.33,135152.02,1664446.04,65225.64,622564.38,351940.67,74258.87,16596297.5,1742152.47,2290467,7925,10791,20647632.97
"Regional accounts , GDP by governorate","One thousand EGP","Minya","North Upper Egypt","2013/2012",12048432.06,0,479705.59,0,3622287.25,1461882.02,185969,0,6347,4041287.71,4081388.98,10778.32,9481.52,1118849.94,410235.4,3163528.48,179887.59,548208.49,692160.92,227224.34,32287654.62,2420084.71,4132226,42401,20383,38902749.33
"Regional accounts , GDP by governorate","One thousand EGP","Total North Upper Egypt region","North Upper Egypt","2013/2012",27675577.75,18458775.59,495516.92,0,6471094.14,1461882.02,1133364,0,34910,11026872.88,8347284.27,18298.67,15386.6,2933337.92,828645.31,6746624.04,359203.3,1601609.74,1413383.88,426233.01,89448000.05,5042880.64,8710591,70125,77935,103349531.68
"Regional accounts , GDP by governorate","One thousand EGP","Aswan","South Upper Egypt","2013/2012",1848595.09,0,1032226.07,0,1020124.5,1287049.17,439704,0,0,832598.49,1476512.88,3614.85,372.29,557825.21,221522.89,836382.09,195416.36,111247.5,622094.06,88632.76,10573918.21,1394000.82,1682159,6880,11990,13668948.03
"Regional accounts , GDP by governorate","One thousand EGP","Luxor","South Upper Egypt","2013/2012",1007505.46,0,9461.33,0,409832.14,0,43849,0,6347,977446.34,403436.75,1386.36,43.8,299702.97,275391.75,487268.81,123968.48,168612.46,143373.61,29277.02,4386903.28,490842.91,1063079,2026,3825,5946676.19
"Regional accounts , GDP by governorate","One thousand EGP","Sohag","South Upper Egypt","2013/2012",8940130.54,0,23013.36,0,1235073.34,0,245753,1218.55,12695,5955905.44,3224331.35,6648.09,1750.68,962812.94,242868.36,2544272.84,191200.32,299098.98,716045.13,136364.79,24739182.71,2034560.35,3462030,10802,4800,30251375.05
"Regional accounts , GDP by governorate","One thousand EGP","Qena","South Upper Egypt","2013/2012",4259722.85,0,34925.19,0,2588193.2,0,384900,0,6347,4122506.21,2948953.21,6787.48,126.78,702848.25,390121.44,1489070.69,221850.04,171441.39,351312.22,214013.43,17893119.4,1277967.83,2386371,26448,7190,21591096.23
"Regional accounts , GDP by governorate","One thousand EGP","Red Sea","South Upper Egypt","2013/2012",583690,69994178.91,5612,0,58273.67,15077.66,66939,0,0,144480,456662.14,1231.82,1230.78,198412.5,3921452.27,483094.02,192792.23,132386.89,150244.42,25323.08,76431081.4,153546.78,463921,8461,15587,77072597.18
"Regional accounts , GDP by governorate","One thousand EGP","Total South Upper Egypt","South Upper Egypt","2013/2012",16639643.94,69994178.91,1105237.95,0,5311496.85,1302126.83,1181145,1218.55,25389,12032936.48,8509896.32,19668.61,3524.34,2721601.87,5051356.72,5840088.45,925227.43,882787.21,1983069.44,493611.09,134024205,5350918.69,9057560,54617,43392,148530692.68
"Regional accounts , GDP by governorate","One thousand EGP","Gharbia","Delta","2013/2012",12919183.12,0,27259,-319542.95,8392528.81,1312572.05,366930,7575.23,28563,3250550.85,7426446.51,11072.93,5241.34,1894485.65,429609.44,3646105.33,286076.95,1616564.62,1180829.76,400011.68,42882063.32,4489063.12,5432052,56567,46761,52906506.44
"Regional accounts , GDP by governorate","One thousand EGP","Menoufia","Delta","2013/2012",11080627.22,0,15605.35,-15177.73,9194625.48,0,349422,2594,6347,2469318.62,3246657.32,17519.91,962.81,1203136.98,434350.3,2592238.22,132270.39,1175207.37,583295.77,185671.82,32674672.84,3400635.66,4544818,11123,20383,40651632.5
"Regional accounts , GDP by governorate","One thousand EGP","Kafr ElSheikh","Delta","2013/2012",22439979.18,7774109.95,16740,-288.84,2208858.32,0,672177,10760.49,0,1821698.46,2740522.56,5976.29,579.16,1052661.29,199390.32,2265641.81,113700.68,750531.56,327547.76,152100.28,42552686.28,1136626.43,2873788,8559,27577,46599236.71
"Regional accounts , GDP by governorate","One thousand EGP","Dakahlia","Delta","2013/2012",20764737.33,8377645.28,15413,-33.14,4524029.49,796439.23,221314,9998.42,15868,4987078.72,6525984.72,19981.75,2616.89,4480464.07,394839.5,4532913.36,372856.25,1766711.84,1083598.1,303853.65,59196310.47,3686790.95,6769321,28617,100715,69781754.42
"Regional accounts , GDP by governorate","One thousand EGP","Damietta","Delta","2013/2012",3290204.39,0,9624752.97,0,3911407.56,0,131350,759.92,0,687787.97,2261670.35,694.85,456.36,1126852.32,258828.42,1068540.15,55810.17,416086.15,213661.07,106241.31,23155103.92,1793591.76,1682527,12481,13189,26656892.69
"Regional accounts , GDP by governorate","One thousand EGP","Total Delta region","Delta","2013/2012",70494731.23,16151755.23,9699770.32,-335042.66,28231449.65,2109011.28,1741193,31688.06,50778,13216434.62,22201281.46,55245.73,9856.56,9757600.31,1717017.98,14105438.86,960714.44,5725101.54,3388932.46,1147878.74,200460836.83,14506707.92,21302506,117347,208625,236596022.75
"Regional accounts , GDP by governorate","One thousand EGP","Total Egypt","Total Egypt","2013/2012",209500401.84,284219137.11,26568667.83,-25207900,237365903.13,21845899.37,9615825,605597.83,1209170,87527369.17,229819252.55,31979173.71,5706408.38,116217499.53,57490674.32,124334614.85,53496922.84,34424030.58,42121379.88,10222248.18,1559062276.1,86546470.82,174233898,5730306,1425602,1826998552.92
